tid	2	1
ENSMUST00000020741.10	33.333336	0
ENCODE-mouseT000008453	66.666672	0
ENSMUST00000020637.8	0	25
ENCODE-mouseT000008457	0	25
ENCODE-mouseT000008458	0	25
ENCODE-mouseT000008459	0	25
ENCODE-mouseT000008460	33.333336	0
ENCODE-mouseT000008461	33.333336	0
ENCODE-mouseT000008462	33.333336	0
ENSMUST00000105344.6	16.666668	0
ENCODE-mouseT000008451	66.666672	100
ENCODE-mouseT000008452	16.666668	0
ENCODE-mouseT000008454	100	0
ENCODE-mouseT000008455	100	0
ENCODE-mouseT000008456	0	100