gid	dpi
ENSMUSG00000020167.13	33.3333333
ENSMUSG00000020368.14	66.66666667